{"decision_threshold": 0.5, "mean_precision": 0.7642300128936768, "std_precision": 0.010994327020993065}